{"name":"6a47d575-d194-48ee-a586-ca8cd5c2424a","id":"/providers/Microsoft.Flow/flows/6a47d575-d194-48ee-a586-ca8cd5c2424a","type":"Microsoft.Flow/flows","properties":{"apiId":"/providers/Microsoft.PowerApps/apis/shared_logicflows","displayName":"01 - JIT Artifacts Site Columns","definition":{"metadata":{"workflowEntityId":null,"processAdvisorMetadata":null,"flowclientsuspensionreason":"None","flowclientsuspensiontime":null,"creator":{"id":"2b55145a-9af3-40ed-a2cb-3e2b94c9fd29","type":"User","tenantId":"a3112757-e2d1-4592-aad3-358a5f5cc031"},"provisioningMethod":"FromDefinition","failureAlertSubscription":true,"clientLastModifiedTime":"2021-12-07T11:20:52.1197573Z"},"$schema":"https://schema.management.azure.com/providers/Microsoft.Logic/schemas/2016-06-01/workflowdefinition.json#","contentVersion":"1.0.0.0","parameters":{"$connections":{"defaultValue":{},"type":"Object"},"$authentication":{"defaultValue":{},"type":"SecureObject"}},"triggers":{"manual":{"metadata":{"operationMetadataId":"9b1b96cf-3ab2-4e4e-8625-a02cf658b7a7"},"type":"Request","kind":"Button","inputs":{"schema":{"type":"object","properties":{},"required":[]}}}},"actions":{"Field_XML_Scope":{"actions":{"reqActivateTime":{"runAfter":{},"metadata":{"operationMetadataId":"f35e0829-418e-4d57-8164-ccf29947f4d7"},"type":"Compose","inputs":"<Field \n  Type=\"DateTime\" \n  DisplayName=\"Activate Time\" \n  Required=\"FALSE\" \n  EnforceUniqueValues=\"FALSE\" \n  Indexed=\"FALSE\" \n  Format=\"DateTime\" \n  Group=\"JIT Site Request Columns\" \n  FriendlyDisplayFormat=\"Disabled\" \n  StaticName=\"reqActivateTime\" \n  Name=\"reqActivateTime\" \n  CustomFormatter=\"\" \n  CalType=\"0\" \n  Customization=\"\" \n  AllowDeletion=\"TRUE\">\n</Field>"},"reqJustification":{"runAfter":{"Append_reqExpiryTime_to_array_variable":["Succeeded"]},"metadata":{"operationMetadataId":"071ecae8-f25e-401b-a43c-ba540d42b1c1"},"type":"Compose","inputs":"<Field \n  Type=\"Note\" \n  DisplayName=\"Justification\" \n  Required=\"FALSE\" \n  EnforceUniqueValues=\"FALSE\" \n  Indexed=\"FALSE\" \n  NumLines=\"6\" \n  RichText=\"FALSE\" \n  RichTextMode=\"Compatible\" \n  IsolateStyles=\"FALSE\" \n  Sortable=\"FALSE\" \n  Group=\"JIT Site Request Columns\" \n  StaticName=\"reqJustification\" \n  Name=\"reqJustification\" \n  CustomFormatter=\"\" \n  RestrictedMode=\"TRUE\" \n  AppendOnly=\"FALSE\" \n  UnlimitedLengthInDocumentLibrary=\"FALSE\" \n  Customization=\"\" \n  AllowDeletion=\"TRUE\" ></Field>\n"},"reqExpiryTime":{"runAfter":{"Append_reqActivateTime_to_array_variable":["Succeeded"]},"metadata":{"operationMetadataId":"00a75246-f9e6-4a1c-be52-8a5151695d68"},"type":"Compose","inputs":"<Field \n  Type=\"DateTime\" \n  DisplayName=\"Expiry Time\" \n  Required=\"FALSE\" \n  EnforceUniqueValues=\"FALSE\" \n  Indexed=\"FALSE\" \n  Format=\"DateTime\" \n  Group=\"JIT Site Request Columns\" \n  FriendlyDisplayFormat=\"Disabled\" \n  StaticName=\"reqExpiryTime\" \n  Name=\"reqExpiryTime\" \n  CustomFormatter=\"\" \n  CalType=\"0\" \n  Customization=\"\" \n  AllowDeletion=\"TRUE\"></Field>"},"reqStatus":{"runAfter":{"Append_reqJustification_to_array_variable":["Succeeded"]},"metadata":{"operationMetadataId":"4f814cd2-6056-4f63-ab6e-31dcbae93c89"},"type":"Compose","inputs":"<Field \n  Type=\"Choice\" \n  DisplayName=\"Request Status\" \n  Required=\"FALSE\" \n  EnforceUniqueValues=\"FALSE\" \n  Indexed=\"FALSE\" \n  Format=\"Dropdown\" \n  FillInChoice=\"FALSE\" \n  Group=\"JIT Site Request Columns\" \n  ID=\"{d6673575-a774-493b-a8ac-66619e9a017b}\" \n  StaticName=\"reqStatus\" \n  Name=\"reqStatus\" \n  CustomFormatter=\"\" \n  Customization=\"\" \n  AllowDeletion=\"TRUE\">\n  <Default>Pending</Default>\n  <CHOICES>\n    <CHOICE>Pending</CHOICE>\n    <CHOICE>Approved</CHOICE>\n    <CHOICE>Active</CHOICE>\n    <CHOICE>Completed</CHOICE>\n    <CHOICE>Rejected</CHOICE>\n    <CHOICE>Error</CHOICE>\n  </CHOICES>\n>\n</Field>"},"reqSysStatus":{"runAfter":{"Append_reqStatus_to_array_variable":["Succeeded"]},"metadata":{"operationMetadataId":"b87c500d-dd6e-478e-aea9-38b27522821f"},"type":"Compose","inputs":"<Field \n  Type=\"Choice\" \n  DisplayName=\"System Status\" \n  Required=\"FALSE\" \n  EnforceUniqueValues=\"FALSE\" \n  Indexed=\"FALSE\" \n  Format=\"Dropdown\" \n  FillInChoice=\"FALSE\" \n  Group=\"JIT Site Request Columns\" \n  StaticName=\"reqSysStatus\" \n  Name=\"reqSysStatus\" \n  CustomFormatter=\"\" \n  Customization=\"\" \n  ReadOnly=\"FALSE\" \n  PITarget=\"\" \n  PrimaryPITarget=\"\" \n  PIAttribute=\"\" \n  PrimaryPIAttribute=\"\" \n  Aggregation=\"\" \n  Node=\"\" \n  AllowDeletion=\"TRUE\" \n  Version=\"37\">\n  <Default>TRIGGER-ADMIN-APPROVED</Default>\n  <CHOICES>\n    <CHOICE>TRIGGER-ADMIN-APPROVED</CHOICE>\n    <CHOICE>TRIGGER-USER-ACTIVE</CHOICE>\n    <CHOICE>TRIGGER-USER-REMOVED</CHOICE>\n    <CHOICE>TRIGGER-ERROR</CHOICE>\n  </CHOICES>\n>\n</Field>"},"reqError":{"runAfter":{"Append_reqSysStatus_to_array_variable":["Succeeded"]},"metadata":{"operationMetadataId":"411f2435-974d-4670-b36b-29fb961ffb62"},"type":"Compose","inputs":"<Field \n  Type=\"Note\" \n  DisplayName=\"Exception Message\" \n  Required=\"FALSE\" \n  EnforceUniqueValues=\"FALSE\" \n  Indexed=\"FALSE\" \n  NumLines=\"6\" \n  RichText=\"FALSE\" \n  RichTextMode=\"Compatible\" \n  IsolateStyles=\"FALSE\" \n  Sortable=\"FALSE\" \n  Group=\"JIT Site Request Columns\" \n  StaticName=\"reqError\" \n  Name=\"reqError\" \n  CustomFormatter=\"\" \n  RestrictedMode=\"TRUE\" \n  AppendOnly=\"FALSE\" \n  UnlimitedLengthInDocumentLibrary=\"FALSE\" \n  Customization=\"\" \n  AllowDeletion=\"TRUE\">\n</Field>"},"reqExpireTimeMin":{"runAfter":{"Append_reqError_to_array_variable":["Succeeded"]},"metadata":{"operationMetadataId":"23747c46-bf3e-40d6-b689-00f897c60b43"},"type":"Compose","inputs":"<Field \n  CommaSeparator=\"TRUE\" \n  CustomUnitOnRight=\"TRUE\" \n  Decimals=\"0\" \n  Description=\"Time in minutes\" \n  DisplayName=\"Expire Time in Minutes\" \n  Format=\"Dropdown\" \n  Group=\"JIT Site Request Columns\" \n  Name=\"reqExpireTimeMin\" \n  Percentage=\"FALSE\" \n  Title=\"Time\" \n  Type=\"Number\" \n  Unit=\"None\" \n  StaticName=\"reqExpireTimeMin\">\n  <Default>10</Default>\n>\n</Field>"},"reqAbsoluteSiteUrl":{"runAfter":{"Append_reqExpireTimeMin_to_array_variable":["Succeeded"]},"metadata":{"operationMetadataId":"93a8839a-b738-4db4-ac9d-cf632f262428"},"type":"Compose","inputs":"<Field \n  DisplayName=\"Absolute Site URL\" \n  Format=\"Hyperlink\" \n  IsModern=\"TRUE\" \n  Name=\"reqAbsoluteSiteUrl\" \n  Group=\"JIT Site Request Columns\" \n  Title=\"reqAbsoluteSiteUrl\" \n  Type=\"URL\" \n  StaticName=\"reqAbsoluteSiteUrl\">\n</Field>"},"Append_reqActivateTime_to_array_variable":{"runAfter":{"reqActivateTime":["Succeeded"]},"metadata":{"operationMetadataId":"8204edb4-2d0a-4d6e-a702-897711dd24ef"},"type":"AppendToArrayVariable","inputs":{"name":"arrFieldSchemaXML","value":"@setProperty(json('{ \"fieldName\": \"reqActivateTime\", \"schemaXML\": \"\" }'),'schemaXML',replace(outputs('reqActivateTime'), '\\n', ''))"}},"Append_reqExpiryTime_to_array_variable":{"runAfter":{"reqExpiryTime":["Succeeded"]},"metadata":{"operationMetadataId":"7e070a70-1784-49e1-ab1e-8064c3ce821e"},"type":"AppendToArrayVariable","inputs":{"name":"arrFieldSchemaXML","value":"@setProperty(json('{ \"fieldName\": \"reqExpiryTime\", \"schemaXML\": \"\" }'),'schemaXML',replace(outputs('reqExpiryTime'), '\\n', ''))"}},"Append_reqJustification_to_array_variable":{"runAfter":{"reqJustification":["Succeeded"]},"metadata":{"operationMetadataId":"eddb9e62-8ce3-495e-9e37-996e1b6cbb9d"},"type":"AppendToArrayVariable","inputs":{"name":"arrFieldSchemaXML","value":"@setProperty(json('{ \"fieldName\": \"reqJustification\", \"schemaXML\": \"\" }'),'schemaXML',replace(outputs('reqJustification'), '\\n', ''))"}},"Append_reqStatus_to_array_variable":{"runAfter":{"reqStatus":["Succeeded"]},"metadata":{"operationMetadataId":"0ff2e373-ecf4-41e5-88e2-a184cdd496d2"},"type":"AppendToArrayVariable","inputs":{"name":"arrFieldSchemaXML","value":"@setProperty(json('{ \"fieldName\": \"reqStatus\", \"schemaXML\": \"\" }'),'schemaXML',replace(outputs('reqStatus'), '\\n', ''))"}},"Append_reqSysStatus_to_array_variable":{"runAfter":{"reqSysStatus":["Succeeded"]},"metadata":{"operationMetadataId":"f1f892ed-9259-4cfa-8bbd-eb4cc5c691ba"},"type":"AppendToArrayVariable","inputs":{"name":"arrFieldSchemaXML","value":"@setProperty(json('{ \"fieldName\": \"reqSysStatus\", \"schemaXML\": \"\" }'),'schemaXML',replace(outputs('reqSysStatus'), '\\n', ''))"}},"Append_reqError_to_array_variable":{"runAfter":{"reqError":["Succeeded"]},"metadata":{"operationMetadataId":"2891975a-f56e-4635-8499-570725afd3e1"},"type":"AppendToArrayVariable","inputs":{"name":"arrFieldSchemaXML","value":"@setProperty(json('{ \"fieldName\": \"reqError\", \"schemaXML\": \"\" }'),'schemaXML',replace(outputs('reqError'), '\\n', ''))"}},"Append_reqExpireTimeMin_to_array_variable":{"runAfter":{"reqExpireTimeMin":["Succeeded"]},"metadata":{"operationMetadataId":"1cb2bef6-0202-433d-a833-0c1626e473aa"},"type":"AppendToArrayVariable","inputs":{"name":"arrFieldSchemaXML","value":"@setProperty(json('{ \"fieldName\": \"reqExpireTimeMin\", \"schemaXML\": \"\" }'),'schemaXML',replace(outputs('reqExpireTimeMin'), '\\n', ''))"}},"Append_reqAbsoluteSiteUrl_to_array_variable":{"runAfter":{"reqAbsoluteSiteUrl":["Succeeded"]},"metadata":{"operationMetadataId":"f912ce28-910c-4287-bb1c-398d4fb687a1"},"type":"AppendToArrayVariable","inputs":{"name":"arrFieldSchemaXML","value":"@setProperty(json('{ \"fieldName\": \"reqAbsoluteSiteUrl\", \"schemaXML\": \"\" }'),'schemaXML',replace(outputs('reqAbsoluteSiteUrl'), '\\n', ''))"}},"reqApprovers":{"runAfter":{"Append_reqAbsoluteSiteUrl_to_array_variable":["Succeeded"]},"metadata":{"operationMetadataId":"7bb372fd-9501-47d6-957c-a290ba7a35da"},"type":"Compose","inputs":"<Field \n\tType=\"UserMulti\" \n\tDisplayName=\"Site Admin Approvers\" \n\tList=\"UserInfo\" \n\tRequired=\"FALSE\" \n\tEnforceUniqueValues=\"FALSE\" \n\tShowField=\"ImnName\" \n\tUserSelectionMode=\"PeopleOnly\" \n\tUserSelectionScope=\"0\" \n\tMult=\"TRUE\" \n\tSortable=\"FALSE\" \n\tGroup=\"JIT Site Request Columns\" \n\tStaticName=\"reqApprovers\" \n\tName=\"reqApprovers\" >\n</Field>"},"Append_reqApprovers_to_array_variable":{"runAfter":{"reqApprovers":["Succeeded"]},"metadata":{"operationMetadataId":"48536377-94df-4bd0-abaa-8e120f8584d3"},"type":"AppendToArrayVariable","inputs":{"name":"arrFieldSchemaXML","value":"@setProperty(json('{ \"fieldName\": \"reqApprovers\", \"schemaXML\": \"\" }'), 'schemaXML', replace(outputs('reqApprovers'), '\\n', ''))"}},"reqApprovalTime":{"runAfter":{"Append_reqApprovers_to_array_variable":["Succeeded"]},"metadata":{"operationMetadataId":"f3dd286e-a05d-4bce-9e96-67a3dcb64989"},"type":"Compose","inputs":"<Field \n\tType=\"DateTime\" \n\tDisplayName=\"Site Admin Approval Time\" \n\tRequired=\"FALSE\" \n\tEnforceUniqueValues=\"FALSE\" \n\tIndexed=\"FALSE\" \n\tFormat=\"DateTime\" \n\tGroup=\"JIT Site Request Columns\" \n\tStaticName=\"reqApprovalTime\" \n\tName=\"reqApprovalTime\" >\n</Field>\n"},"Append_reqApprovalTime_to_array_variable":{"runAfter":{"reqApprovalTime":["Succeeded"]},"metadata":{"operationMetadataId":"a4ef381c-ac94-4a8b-ac15-37b64dd0e1d9"},"type":"AppendToArrayVariable","inputs":{"name":"arrFieldSchemaXML","value":"@setProperty(json('{ \"fieldName\": \"reqApprovalTime\", \"schemaXML\": \"\" }'), 'schemaXML', replace(outputs('reqApprovalTime'), '\\n', ''))"}},"reqApprovalComments":{"runAfter":{"Append_reqApprovalTime_to_array_variable":["Succeeded"]},"metadata":{"operationMetadataId":"e57b007e-74c2-4a56-a776-2fc1106f7004"},"type":"Compose","inputs":"<Field \n\tType=\"Note\" \n\tDisplayName=\"Site Admin Approval Comments\" \n\tRequired=\"FALSE\" \n\tEnforceUniqueValues=\"FALSE\" \n\tIndexed=\"FALSE\" \n\tNumLines=\"6\" \n\tRichText=\"FALSE\" \n\tSortable=\"FALSE\" \n\tGroup=\"JIT Site Request Columns\" \n\tStaticName=\"reqApprovalComments\" \n\tName=\"reqApprovalComments\" >\n</Field>\n"},"Append_reqApprovalComments_to_array_variable":{"runAfter":{"reqApprovalComments":["Succeeded"]},"metadata":{"operationMetadataId":"d6702faa-7791-4972-9b52-5be004b65c36"},"type":"AppendToArrayVariable","inputs":{"name":"arrFieldSchemaXML","value":"@setProperty(json('{ \"fieldName\": \"reqAbsoluteSiteUrl\", \"schemaXML\": \"\" }'), 'schemaXML', replace(outputs('reqAbsoluteSiteUrl'), '\\n', ''))"}}},"runAfter":{"Array_of_Field_Schema_XML":["Succeeded"]},"metadata":{"operationMetadataId":"aca31db7-13a3-482b-bbf2-43d77f00d1fc"},"type":"Scope"},"Array_of_Field_Schema_XML":{"runAfter":{"SiteURLCompose":["Succeeded"]},"metadata":{"operationMetadataId":"8dcf2b29-84b6-413c-8afc-3c73fcc370e1"},"type":"InitializeVariable","inputs":{"variables":[{"name":"arrFieldSchemaXML","type":"array","value":[]}]}},"Apply_to_each":{"foreach":"@variables('arrFieldSchemaXML')","actions":{"Get_Site_Column_Information":{"runAfter":{},"metadata":{"operationMetadataId":"d4644d84-64c1-43db-acb0-90ad42a60e5c"},"type":"OpenApiConnection","inputs":{"host":{"apiId":"/providers/Microsoft.PowerApps/apis/shared_sharepointonline","connectionName":"shared_sharepointonline","operationId":"HttpRequest"},"parameters":{"dataset":"@outputs('SiteURLCompose')","parameters/method":"GET","parameters/uri":"_api/web/fields/GetByInternalNameOrTitle('@{items('Apply_to_each')['fieldName']}')","parameters/headers":{"content-type":"application/json;odata=verbose"}},"retryPolicy":{"type":"none"},"authentication":{"value":"@json(decodeBase64(triggerOutputs().headers['X-MS-APIM-Tokens']))['$ConnectionKey']","type":"Raw"}},"description":"First check the presence of the site column"},"The_field_is_present,_now_delete_it":{"runAfter":{"Get_Site_Column_Information":["Succeeded"]},"metadata":{"operationMetadataId":"0f050d01-6401-4bf1-b95f-2317b2fe145c"},"type":"Compose","inputs":"@item()?['fieldName']"},"Create_this_field":{"runAfter":{"Get_Site_Column_Information":["Failed"]},"metadata":{"operationMetadataId":"27e7b0af-618e-4295-a48b-bdcea5037584"},"type":"Compose","inputs":"@items('Apply_to_each')?['fieldName']"},"Send_an_HTTP_request_to_SharePoint":{"runAfter":{"Create_this_field":["Succeeded"]},"metadata":{"operationMetadataId":"38fd5437-1973-4055-9a30-4fe37c63a262"},"type":"OpenApiConnection","inputs":{"host":{"apiId":"/providers/Microsoft.PowerApps/apis/shared_sharepointonline","connectionName":"shared_sharepointonline","operationId":"HttpRequest"},"parameters":{"dataset":"@outputs('SiteURLCompose')","parameters/method":"POST","parameters/uri":"_api/web/fields/createfieldasxml","parameters/headers":{"accept":"application/json;odata=verbose","content-type":"application/json;odata=verbose"},"parameters/body":"{\n  \"parameters\": {\n    \"__metadata\": { \"type\": \"SP.XmlSchemaFieldCreationInformation\" },\n    \"SchemaXml\": '@{items('Apply_to_each')?['schemaXML']}'\n  }\n}\n"},"retryPolicy":{"type":"none"},"authentication":{"value":"@json(decodeBase64(triggerOutputs().headers['X-MS-APIM-Tokens']))['$ConnectionKey']","type":"Raw"}}},"Send_an_HTTP_request_to_SharePoint_DELETE_field":{"runAfter":{"The_field_is_present,_now_delete_it":["Succeeded"]},"metadata":{"operationMetadataId":"6b4d9c75-37b3-437c-84fa-5135cecaaed3"},"type":"OpenApiConnection","inputs":{"host":{"apiId":"/providers/Microsoft.PowerApps/apis/shared_sharepointonline","connectionName":"shared_sharepointonline","operationId":"HttpRequest"},"parameters":{"dataset":"@outputs('SiteURLCompose')","parameters/method":"POST","parameters/uri":"_api/web/fields/GetByInternalNameOrTitle('@{items('Apply_to_each')['fieldName']}')","parameters/headers":{"accept":"application/json;odata=verbose","content-type":"application/json;odata=verbose","IF-MATCH":"*","X-HTTP-METHOD":"DELETE"}},"retryPolicy":{"type":"none"},"authentication":{"value":"@json(decodeBase64(triggerOutputs().headers['X-MS-APIM-Tokens']))['$ConnectionKey']","type":"Raw"}}}},"runAfter":{"Field_XML_Scope":["Succeeded"]},"metadata":{"operationMetadataId":"59717933-597d-467c-8283-442df929ae08"},"type":"Foreach"},"SiteURLCompose":{"runAfter":{},"metadata":{"operationMetadataId":"30321dc2-a109-446c-8173-c748d40e1d3c"},"type":"Compose","inputs":"https://mariamejdemo.sharepoint.com/sites/JITSiteAccess"},"Terminate":{"runAfter":{"Apply_to_each":["Succeeded","Failed"]},"metadata":{"operationMetadataId":"c3c8dd77-eb3a-49c0-aae1-c9c8fa45e3d7"},"type":"Terminate","inputs":{"runStatus":"Succeeded"}}}},"connectionReferences":{"shared_sharepointonline":{"connectionName":"1440caf82f3044dcb8c81f183afa61d9","source":"Invoker","id":"/providers/Microsoft.PowerApps/apis/shared_sharepointonline","tier":"NotSpecified"}},"flowFailureAlertSubscribed":false}}